Workbook

Sheet PALLET SHEET
A1: PANEL MODEL | B1: 200WT
A2: QUANTITY: | B2: 25 | C2: WEIGHT (lbs): | D2: 150
A3: Josh Atwood Future Solutions Inc 2616 Glenview Dr, Elkhart, IN 46514 | B3: 200WT2192025-18 | F3: PACKOUT DATE: | G3: 46007
C4: Pm(W) | D4: Isc(A) | E4: Voc(V) | F4: Ipm(A) | G4: Vpm(V) | H4: FF (%)
A5: 1 | C5: =VLOOKUP(B5,DATA!$B$2:$AA$785292,7,FALSE) -> #N/A | D5: =VLOOKUP(B5,DATA!$B$2:$AA$785292,8,FALSE) -> #N/A | E5: =VLOOKUP(B5,DATA!$B$2:$AA$785292,9,FALSE) -> #N/A | F5: =VLOOKUP(B5,DATA!$B$2:$AA$785292,10,FALSE) -> #N/A | G5: =VLOOKUP(B5,DATA!$B$2:$AA$785292,11,FALSE) -> #N/A | H5: =VLOOKUP(B5,DATA!#REF!,7,FALSE) -> #ERROR!
A6: 2 | C6: =VLOOKUP(B6,DATA!$B$2:$AA$785292,7,FALSE) -> #N/A | D6: =VLOOKUP(B6,DATA!$B$2:$AA$785292,8,FALSE) -> #N/A | E6: =VLOOKUP(B6,DATA!$B$2:$AA$785292,9,FALSE) -> #N/A | F6: =VLOOKUP(B6,DATA!$B$2:$AA$785292,10,FALSE) -> #N/A | G6: =VLOOKUP(B6,DATA!$B$2:$AA$785292,11,FALSE) -> #N/A
A7: 3 | C7: =VLOOKUP(B7,DATA!$B$2:$AA$785292,7,FALSE) -> #N/A | D7: =VLOOKUP(B7,DATA!$B$2:$AA$785292,8,FALSE) -> #N/A | E7: =VLOOKUP(B7,DATA!$B$2:$AA$785292,9,FALSE) -> #N/A | F7: =VLOOKUP(B7,DATA!$B$2:$AA$785292,10,FALSE) -> #N/A | G7: =VLOOKUP(B7,DATA!$B$2:$AA$785292,11,FALSE) -> #N/A
A8: 4 | C8: =VLOOKUP(B8,DATA!$B$2:$AA$785292,7,FALSE) -> #N/A | D8: =VLOOKUP(B8,DATA!$B$2:$AA$785292,8,FALSE) -> #N/A | E8: =VLOOKUP(B8,DATA!$B$2:$AA$785292,9,FALSE) -> #N/A | F8: =VLOOKUP(B8,DATA!$B$2:$AA$785292,10,FALSE) -> #N/A | G8: =VLOOKUP(B8,DATA!$B$2:$AA$785292,11,FALSE) -> #N/A
A9: 5 | C9: =VLOOKUP(B9,DATA!$B$2:$AA$785292,7,FALSE) -> #N/A | D9: =VLOOKUP(B9,DATA!$B$2:$AA$785292,8,FALSE) -> #N/A | E9: =VLOOKUP(B9,DATA!$B$2:$AA$785292,9,FALSE) -> #N/A | F9: =VLOOKUP(B9,DATA!$B$2:$AA$785292,10,FALSE) -> #N/A | G9: =VLOOKUP(B9,DATA!$B$2:$AA$785292,11,FALSE) -> #N/A
A10: 6 | C10: =VLOOKUP(B10,DATA!$B$2:$AA$785292,7,FALSE) -> #N/A | D10: =VLOOKUP(B10,DATA!$B$2:$AA$785292,8,FALSE) -> #N/A | E10: =VLOOKUP(B10,DATA!$B$2:$AA$785292,9,FALSE) -> #N/A | F10: =VLOOKUP(B10,DATA!$B$2:$AA$785292,10,FALSE) -> #N/A | G10: =VLOOKUP(B10,DATA!$B$2:$AA$785292,11,FALSE) -> #N/A
A11: 7 | C11: =VLOOKUP(B11,DATA!$B$2:$AA$785292,7,FALSE) -> #N/A | D11: =VLOOKUP(B11,DATA!$B$2:$AA$785292,8,FALSE) -> #N/A | E11: =VLOOKUP(B11,DATA!$B$2:$AA$785292,9,FALSE) -> #N/A | F11: =VLOOKUP(B11,DATA!$B$2:$AA$785292,10,FALSE) -> #N/A | G11: =VLOOKUP(B11,DATA!$B$2:$AA$785292,11,FALSE) -> #N/A
A12: 8 | C12: =VLOOKUP(B12,DATA!$B$2:$AA$785292,7,FALSE) -> #N/A | D12: =VLOOKUP(B12,DATA!$B$2:$AA$785292,8,FALSE) -> #N/A | E12: =VLOOKUP(B12,DATA!$B$2:$AA$785292,9,FALSE) -> #N/A | F12: =VLOOKUP(B12,DATA!$B$2:$AA$785292,10,FALSE) -> #N/A | G12: =VLOOKUP(B12,DATA!$B$2:$AA$785292,11,FALSE) -> #N/A
A13: 9 | C13: =VLOOKUP(B13,DATA!$B$2:$AA$785292,7,FALSE) -> #N/A | D13: =VLOOKUP(B13,DATA!$B$2:$AA$785292,8,FALSE) -> #N/A | E13: =VLOOKUP(B13,DATA!$B$2:$AA$785292,9,FALSE) -> #N/A | F13: =VLOOKUP(B13,DATA!$B$2:$AA$785292,10,FALSE) -> #N/A | G13: =VLOOKUP(B13,DATA!$B$2:$AA$785292,11,FALSE) -> #N/A
A14: 10 | C14: =VLOOKUP(B14,DATA!$B$2:$AA$785292,7,FALSE) -> #N/A | D14: =VLOOKUP(B14,DATA!$B$2:$AA$785292,8,FALSE) -> #N/A | E14: =VLOOKUP(B14,DATA!$B$2:$AA$785292,9,FALSE) -> #N/A | F14: =VLOOKUP(B14,DATA!$B$2:$AA$785292,10,FALSE) -> #N/A | G14: =VLOOKUP(B14,DATA!$B$2:$AA$785292,11,FALSE) -> #N/A
A15: 11 | C15: =VLOOKUP(B15,DATA!$B$2:$AA$785292,7,FALSE) -> #N/A | D15: =VLOOKUP(B15,DATA!$B$2:$AA$785292,8,FALSE) -> #N/A | E15: =VLOOKUP(B15,DATA!$B$2:$AA$785292,9,FALSE) -> #N/A | F15: =VLOOKUP(B15,DATA!$B$2:$AA$785292,10,FALSE) -> #N/A | G15: =VLOOKUP(B15,DATA!$B$2:$AA$785292,11,FALSE) -> #N/A
A16: 12 | C16: =VLOOKUP(B16,DATA!$B$2:$AA$785292,7,FALSE) -> #N/A | D16: =VLOOKUP(B16,DATA!$B$2:$AA$785292,8,FALSE) -> #N/A | E16: =VLOOKUP(B16,DATA!$B$2:$AA$785292,9,FALSE) -> #N/A | F16: =VLOOKUP(B16,DATA!$B$2:$AA$785292,10,FALSE) -> #N/A | G16: =VLOOKUP(B16,DATA!$B$2:$AA$785292,11,FALSE) -> #N/A
A17: 13 | C17: =VLOOKUP(B17,DATA!$B$2:$AA$785292,7,FALSE) -> #N/A | D17: =VLOOKUP(B17,DATA!$B$2:$AA$785292,8,FALSE) -> #N/A | E17: =VLOOKUP(B17,DATA!$B$2:$AA$785292,9,FALSE) -> #N/A | F17: =VLOOKUP(B17,DATA!$B$2:$AA$785292,10,FALSE) -> #N/A | G17: =VLOOKUP(B17,DATA!$B$2:$AA$785292,11,FALSE) -> #N/A
... A30: 26 | C30: =VLOOKUP(B30,DATA!$B$2:$AA$785292,7,FALSE) -> #N/A | D30: =VLOOKUP(B30,DATA!$B$2:$AA$785292,8,FALSE) -> #N/A | E30: =VLOOKUP(B30,DATA!$B$2:$AA$785292,9,FALSE) -> #N/A | F30: =VLOOKUP(B30,DATA!$B$2:$AA$785292,10,FALSE) -> #N/A | G30: =VLOOKUP(B30,DATA!$B$2:$AA$785292,11,FALSE) -> #N/A
A31: SIGNATURE:_______________________________________________________________________________________ DATE:_____________________________________________________________________

Sheet DATA
A1: SerialNo-SPECIAL CODES | B1: SerialNo | C1: Date | D1: TTime | E1: curveTag | F1: Prefix | G1: Catalogue | H1: Pm(W) | I1: Isc(A) | J1: Voc(V) | K1: Ipm(A) | L1: Vpm(V) | M1: FF | N1: Eff | O1: I.Work | P1: V.Work | Q1: Temp | R1: Rs | S1: Peak | T1: Rsh | U1: Customer | V1: NOTES | W1: adjusted pm | X1: adjusted isc | Y1: adjusted voc | Z1: adjusted imp | AA1: adjusted vpm
B2: =" CRS25WT3607766" -> CRS25WT3607766 | C2: 45950 | D2: 0.98828704 | E2: I->V | F2: 203 | G2: 4 | H2: 203.01877 | I2: 9.6382437 | J2: 24.562885 | K2: 9.8823366 | L2: 20.5436 | M2: 0.85754895 | N2: 9.8768559 | O2: 0 | P2: 0 | Q2: 0.0082509099 | R2: 25 | S2: 0.23738979 | T2: 992.77008 | U2: 343.45685
B3: ="\" -> \ | C3: 45917 | D3: 下午 5:41:27 | E3: I->V | F3: 195 | G3: 4 | H3: 195.73758 | I3: 10.158898 | J3: 24.696564 | K3: 10.441025 | L3: 18.746969 | M3: 0.7801733 | N3: 9.5226259 | O3: 0 | P3: 0 | Q3: 0.011587922 | R3: 25 | S3: 0.27315035 | T3: 1034.4706 | U3: 236.60741
B4: ="22131" -> 22131 | C4: 45943 | D4: 下午 7:30:01 | E4: I->V | F4: 218 | G4: 4 | H4: 218.80389 | I4: 5.6854286 | J4: 49.714924 | K4: 5.1633897 | L4: 42.376019 | M4: 0.77411425 | N4: 10.644801 | O4: 0 | P4: 0 | Q4: 0.011309523 | R4: 25 | S4: 0.6902315 | T4: 998.47144 | U4: 552.15607
B5: ="25WT72M21136" -> 25WT72M21136 | C5: 45930 | D5: 下午 8:52:08 | E5: I->V | F5: 151 | G5: 2 | H5: 151.4178 | I5: 2.8581607 | J5: 49.102501 | K5: 3.8228836 | L5: 39.608269 | M5: 1.0789136 | N5: 7.3664703 | O5: 0 | P5: 0 | Q5: 0.03819938 | R5: 25 | S5: 1.9497621 | T5: 478.22513 | U5: 6108.5688
B6: ="5WT6008473" -> 5WT6008473 | C6: 45911 | D6: 0.98690972 | E6: I->V | F6: 324 | G6: 4 | H6: 324.85849 | I6: 10.202183 | J6: 41.034195 | K6: 9.6544819 | L6: 33.648464 | M6: 0.77598834 | N6: 15.804354 | O6: 0 | P6: 0 | Q6: 0.012619047 | R6: 25 | S6: 0.43894297 | T6: 990.94702 | U6: 2871.7646
B7: ="6" -> 6 | C7: 45953 | D7: 0.85760417 | E7: I->V | F7: 327 | G7: 4 | H7: 327.42892 | I7: 10.286176 | J7: 40.998577 | K7: 9.584012 | L7: 34.164078 | M7: 0.77641571 | N7: 15.929405 | O7: 0 | P7: 0 | Q7: 0.01644849 | R7: 25 | S7: 0.39198598 | T7: 1003.1349 | U7: 910.96405
B8: ="7116" -> 7116 | C8: 45917 | D8: 下午 8:05:57 | E8: I->V | F8: 197 | G8: 4 | H8: 197.16812 | I8: 9.682456 | J8: 24.644239 | K8: 10.072859 | L8: 19.574196 | M8: 0.82629621 | N8: 9.5922222 | O8: 0 | P8: 0 | Q8: 0.013808749 | R8: 25 | S8: 0.3179917 | T8: 1114.7281 | U8: 1018.0636
B9: ="76" -> 76 | C9: 45945 | D9: 0.089884259 | E9: I->V | F9: 455 | G9: 3 | H9: 455.9021 | I9: 11.243464 | J9: 49.652641 | K9: 10.719293 | L9: 42.530987 | M9: 0.81663716 | N9: 22.179621 | O9: 23.09804 | P9: 23.8125 | Q9: 0.45846719 | R9: 998.94257 | S9: 349.83493
B10: ="95" -> 95 | C10: 45917 | D10: 下午 11:31:03 | E10: I->V | F10: 199 | G10: 4 | H10: 199.70497 | I10: 9.6617317 | J10: 24.687002 | K10: 10.16113 | L10: 19.653816 | M10: 0.83727002 | N10: 9.7156391 | O10: 0 | P10: 0 | Q10: 0.015238095 | R10: 25 | S10: 0.31511626 | T10: 1009.218 | U10: 1752.9377
B11: ="CRS22WW7200370" -> CRS22WW7200370 | C11: 45757 | D11: 0.67351852 | E11: I->V | F11: 397 | G11: 4 | H11: 397.25668 | I11: 10.122827 | J11: 50.398441 | K11: 9.4172754 | L11: 42.183826 | M11: 0.77866799 | N11: 242.82193 | O11: 10.127879 | P11: 0.47999999 | Q11: 17.579296 | R11: 0.52985227 | S11: 1000.7766 | T11: 376.63629
B12: ="CRS22WW7200536" -> CRS22WW7200536 | C12: 45757 | D12: 0.67225694 | E12: I->V | F12: 402 | G12: 4 | H12: 402.02148 | I12: 10.14784 | J12: 50.24733 | K12: 9.5287981 | L12: 42.190159 | M12: 0.78842914 | N12: 245.73441 | O12: 10.134128 | P12: 0.47999999 | Q12: 17.50773 | R12: 0.47170857 | S12: 1000.2502 | T12: 1671.7047
B13: ="CRS22WW7201134" -> CRS22WW7201134 | C13: 45757 | D13: 0.66923611 | E13: I->V | F13: 390 | G13: 4 | H13: 390.89026 | I13: 10.126567 | J13: 49.436375 | K13: 9.4263592 | L13: 41.467789 | M13: 0.78081113 | N13: 238.93048 | O13: 10.191051 | P13: 0.47999999 | Q13: 17.448921 | R13: 0.48598662 | S13: 1000.0676 | T13: 706.22223
B14: ="CRS22WW7201249" -> CRS22WW7201249 | C14: 45757 | D14: 0.67070602 | E14: I->V | F14: 384 | G14: 4 | H14: 384.38776 | I14: 10.140449 | J14: 49.486633 | K14: 9.2132359 | L14: 41.721252 | M14: 0.7659924 | N14: 234.95584 | O14: 10.073732 | P14: 0.47999999 | Q14: 17.463585 | R14: 0.47899735 | S14: 1000.003 | T14: 908.57416
B15: ="CRS25BT114A00266" -> CRS25BT114A00266 | C15: 45938 | D15: 0.89993056 | E15: I->V | F15: 447 | G15: 3 | H15: 447.3429 | I15: 11.401231 | J15: 49.769432 | K15: 10.802318 | L15: 41.411751 | M15: 0.7883628 | N15: 21.763216 | O15: 21.737803 | P15: 21.5625 | Q15: 0.63180506 | R15: 999.65375 | S15: 314.54868
B16: ="CRS25BT114A00269" -> CRS25BT114A00269 | C16: 45938 | D16: 0.89778935 | E16: I->V | F16: 454 | G16: 3 | H16: 454.92426 | I16: 11.304819 | J16: 49.725563 | K16: 10.766623 | L16: 42.253197 | M16: 0.80927432 | N16: 22.132048 | O16: 21.594019 | P16: 21.625 | Q16: 0.44909337 | R16: 1000.2782 | S16: 442.94989
B17: ="CRS25BT14400031" -> CRS25BT14400031 | C17: 45938 | D17: 0.11802083 | E17: I->V | F17: 454 | G17: 3 | H17: 454.94101 | I17: 11.422936 | J17: 50.236458 | K17: 10.798207 | L17: 42.131161 | M17: 0.79279029 | N17: 22.132864 | O17: 22.468903 | P17: 22.75 | Q17: 0.73327351 | R17: 1000.5062 | S17: 521.85669
B18: ="CRS25BT144000982" -> CRS25BT144000982 | C18: 45932 | D18: 0.7966088 | E18: I->V | F18: 459 | G18: 3 | H18: 459.47531 | I18: 11.126241 | J18: 49.941364 | K18: 10.825412 | L18: 42.444145 | M18: 0.82690066 | N18: 22.353456 | O18: 23.774509 | P18: 24.3125 | Q18: 0.54982799 | R18: 1000.1462 | S18: 672.50024
B19: ="CRS25BT14400183" -> CRS25BT14400183 | C19: 45938 | D19: 0.12556713 | E19: I->V | F19: 450 | G19: 3 | H19: 450.96268 | I19: 11.249041 | J19: 49.812984 | K19: 10.642557 | L19: 42.373528 | M19: 0.80478996 | N19: 21.939318 | O19: 22.189951 | P19: 22.625 | Q19: 0.4821057 | R19: 999.91589 | S19: 466.35056
B20: ="CRS25BT144A" -> CRS25BT144A | C20: 45932 | D20: 0.80971065 | E20: I->V | F20: 454 | G20: 3 | H20: 454.38068 | I20: 11.168302 | J20: 49.86462 | K20: 10.680544 | L20: 42.542843 | M20: 0.81590617 | N20: 22.105604 | O20: 23.480392 | P20: 24.25 | Q20: 0.57017261 | R20: 1000.1749 | S20: 536.43079
B21: ="CRS25BT144A00001" -> CRS25BT144A00001 | C21: 45931 | D21: 0.89686343 | E21: I->V | F21: 449 | G21: 3 | H21: 449.14935 | I21: 11.240789 | J21: 49.813217 | K21: 10.646033 | L21: 42.189362 | M21: 0.80213851 | N21: 21.851099 | O21: 23.44976 | P21: 24.1875 | Q21: 0.54077083 | R21: 999.88629 | S21: 552.12543
B22: ="CRS25BT144A0000330" -> CRS25BT144A0000330 | C22: 45939 | D22: 0.073310185 | E22: I->V | F22: 449 | G22: 3 | H22: 449.63098 | I22: 11.313531 | J22: 49.675705 | K22: 10.646861 | L22: 42.231316 | M22: 0.8000443 | N22: 21.874531 | O22: 21.843138 | P22: 21.5625 | Q22: 0.41164762 | R22: 1000.3057 | S22: 350.77722
B23: ="CRS25BT144A0000337" -> CRS25BT144A0000337 | C23: 45939 | D23: 0.075162037 | E23: I->V | F23: 302 | G23: 1 | H23: 302.51096 | I23: 11.131072 | J23: 39.104042 | K23: 10.071512 | L23: 30.036301 | M23: 0.69499624 | N23: 14.717147 | O23: 21.964466 | P23: 21.5625 | Q23: 1e-06 | R23: 1000.2949 | S23: 223.50926
B24: ="CRS25BT144A00009" -> CRS25BT144A00009 | C24: 45931 | D24: 0.91956019 | E24: I->V | F24: 459 | G24: 3 | H24: 459.64172 | I24: 11.24736 | J24: 49.757046 | K24: 10.802536 | L24: 42.549427 | M24: 0.82132351 | N24: 22.361553 | O24: 23.343395 | P24: 24.0625 | Q24: 0.91783088 | R24: 1000.2292 | S24: 594.89349
B25: ="CRS25BT144A00011" -> CRS25BT144A00011 | C25: 45931 | D25: 0.9225463 | E25: I->V | F25: 459 | G25: 3 | H25: 459.56479 | I25: 11.25167 | J25: 49.795418 | K25: 10.747291 | L25: 42.76099 | M25: 0.82023895 | N25: 22.357811 | O25: 23.451469 | P25: 24.0625 | Q25: 0.44076991 | R25: 1000.2415 | S25: 591.09998
B26: ="CRS25BT144A00012" -> CRS25BT144A00012 | C26: 45931 | D26: 0.91873843 | E26: I->V | F26: 456 | G26: 3 | H26: 456.83066 | I26: 11.374182 | J26: 49.554005 | K26: 10.806236 | L26: 42.274723 | M26: 0.81050617 | N26: 22.224794 | O26: 23.464724 | P26: 24.0625 | Q26: 1.0724149 | R26: 1000.1872 | S26: 550.87799
B27: ="CRS25BT144A00013" -> CRS25BT144A00013 | C27: 45931 | D27: 0.91697917 | E27: I->V | F27: 454 | G27: 3 | H27: 454.93689 | I27: 11.391588 | J27: 49.816917 | K27: 10.792012 | L27: 42.154964 | M27: 0.80165964 | N27: 22.132664 | O27: 23.450985 | P27: 24.0625 | Q27: 0.49599949 | R27: 999.62189 | S27: 563.65753
B28: ="CRS25BT144A00015" -> CRS25BT144A00015 | C28: 45931 | D28: 0.92131944 | E28: I->V | F28: 458 | G28: 3 | H28: 458.20731 | I28: 11.406261 | J28: 49.810318 | K28: 10.852518 | L28: 42.221287 | M28: 0.80649072 | N28: 22.291769 | O28: 23.42868 | P28: 24.0625 | Q28: 0.59233528 | R28: 1000.2145 | S28: 564.39764
B29: ="CRS25BT144A00016" -> CRS25BT144A00016 | C29: 45931 | D29: 0.92378472 | E29: I->V | F29: 460 | G29: 3 | H29: 460.92755 | I29: 11.427643 | J29: 49.782104 | K29: 10.916114 | L29: 42.22451 | M29: 0.81021965 | N29: 22.424109 | O29: 23.490242 | P29: 24.0625 | Q29: 0.70894581 | R29: 999.66974 | S29: 549.22583
B30: ="CRS25BT144A00019" -> CRS25BT144A00019 | C30: 45931 | D30: 0.89274306 | E30: I->V | F30: 447 | G30: 3 | H30: 447.45755 | I30: 11.23774 | J30: 49.812172 | K30: 10.572264 | L30: 42.323723 | M30: 0.7993508 | N30: 21.768793 | O30: 23.529655 | P30: 24.1875 | Q30: 0.47462633 | R30: 1000.0449 | S30: 544.9657
B31: ="CRS25BT144A00020" -> CRS25BT144A00020 | C31: 45931 | D31: 0.86895833 | E31: I->V | F31: 441 | G31: 3 | H31: 441.15875 | I31: 11.163874 | J31: 49.80526 | K31: 10.534636 | L31: 41.876984 | M31: 0.793423 | N31: 21.462357 | O31: 23.717524 | P31: 24.3125 | Q31: 0.48756978 | R31: 1000.0677 | S31: 598.09998
B32: ="CRS25BT144A00021" -> CRS25BT144A00021 | C32: 45931 | D32: 0.86700231 | E32: I->V | F32: 445 | G32: 3 | H32: 445.92651 | I32: 11.19967 | J32: 49.798141 | K32: 10.58745 | L32: 42.118408 | M32: 0.79954875 | N32: 21.694309 | O32: 23.808384 | P32: 24.3125 | Q32: 0.44877887 | R32: 1000.0318 | S32: 568.17938
B33: ="CRS25BT144A00024" -> CRS25BT144A00024 | C33: 45931 | D33: 0.98958333 | E33: I->V | F33: 464 | G33: 3 | H33: 464.0217 | I33: 11.432629 | J33: 49.742512 | K33: 10.876603 | L33: 42.662373 | M33: 0.81595176 | N33: 22.574638 | O33: 24.276001 | P33: 24.375 | Q33: 0.44420746 | R33: 999.04846 | S33: 582.47516
B34: ="CRS25BT144A00025" -> CRS25BT144A00025 | C34: 45931 | D34: 0.96643519 | E34: I->V | F34: 451 | G34: 3 | H34: 451.02271 | I34: 11.437407 | J34: 49.782932 | K34: 10.844535 | L34: 41.589863 | M34: 0.79211891 | N34: 21.942238 | O34: 23.837053 | P34: 24.1875 | Q34: 0.82510436 | R34: 999.82147 | S34: 512.07733
B35: ="CRS25BT144A00026" -> CRS25BT144A00026 | C35: 45931 | D35: 0.96065972 | E35: I->V | F35: 465 | G35: 3 | H35: 465.25082 | I35: 11.48068 | J35: 49.87907 | K35: 10.941373 | L35: 42.522163 | M35: 0.81245846 | N35: 22.634436 | O35: 24.075151 | P35: 24.125 | Q35: 0.49274424 | R35: 1000.4846 | S35: 555.2948
B36: ="CRS25BT144A00027" -> CRS25BT144A00027 | C36: 45931 | D36: 0.93420139 | E36: I->V | F36: 460 | G36: 3 | H36: 460.30527 | I36: 11.372624 | J36: 49.789112 | K36: 10.824642 | L36: 42.523834 | M36: 0.8129257 | N36: 22.393835 | O36: 24.067987 | P36: 24 | Q36: 0.46683812 | R36: 1000.9404 | S36: 576.23694
B37: ="CRS25BT144A00028" -> CRS25BT144A00028 | C37: 45931 | D37: 0.93335648 | E37: I->V | F37: 461 | G37: 3 | H37: 461.93271 | I37: 11.29239 | J37: 49.845222 | K37: 10.888803 | L37: 42.422729 | M37: 0.82067144 | N37: 22.473009 | O37: 23.903234 | P37: 24 | Q37: 0.53909737 | R37: 1000.2413 | S37: 663.41449
B38: ="CRS25BT144A00029" -> CRS25BT144A00029 | C38: 45931 | D38: 0.95701389 | E38: I->V | F38: 453 | G38: 3 | H38: 453.69598 | I38: 11.453023 | J38: 49.775307 | K38: 10.820201 | L38: 41.930458 | M38: 0.79584932 | N38: 22.072292 | O38: 23.890089 | P38: 24.125 | Q38: 0.50716048 | R38: 999.20502 | S38: 525.33246
B39: ="CRS25BT144A00030" -> CRS25BT144A00030 | C39: 45931 | D39: 0.95597222 | E39: I->V | F39: 453 | G39: 3 | H39: 453.97986 | I39: 11.399604 | J39: 49.830681 | K39: 10.838794 | L39: 41.884724 | M39: 0.79918993 | N39: 22.086103 | O39: 24.005081 | P39: 24.0625 | Q39: 0.69343942 | R39: 1000.497 | S39: 543.17957
B40: ="CRS25BT144A00031" -> CRS25BT144A00031 | C40: 45931 | D40: 0.93125 | E40: I->V | F40: 461 | G40: 3 | H40: 461.96033 | I40: 11.449556 | J40: 49.80896 | K40: 10.883386 | L40: 42.446377 | M40: 0.81004387 | N40: 22.474354 | O40: 23.889519 | P40: 24 | Q40: 0.45497775 | R40: 1000.2147 | S40: 574.40924
B41: ="CRS25BT144A00032" -> CRS25BT144A00032 | C41: 45931 | D41: 0.9925 | E41: I->V | F41: 456 | G41: 3 | H41: 456.15097 | I41: 11.413571 | J41: 49.823902 | K41: 10.882745 | L41: 41.915066 | M41: 0.80213839 | N41: 22.191729 | O41: 24.401781 | P41: 24.4375 | Q41: 0.58895522 | R41: 999.47705 | S41: 555.13263
B42: ="CRS25BT144A00034" -> CRS25BT144A00034 | C42: 45931 | D42: 0.98478009 | E42: I->V | F42: 458 | G42: 3 | H42: 458.58774 | I42: 11.453379 | J42: 49.877563 | K42: 10.890595 | L42: 42.108604 | M42: 0.80275607 | N42: 22.310276 | O42: 24.383245 | P42: 24.375 | Q42: 0.53078914 | R42: 999.08667 | S42: 540.3858
B43: ="CRS25BT144A00035" -> CRS25BT144A00035 | C43: 45931 | D43: 0.98866898 | E43: I->V | F43: 454 | G43: 3 | H43: 454.92761 | I43: 11.520135 | J43: 49.850056 | K43: 10.856894 | L43: 41.902184 | M43: 0.79217124 | N43: 22.132212 | O43: 24.334616 | P43: 24.375 | Q43: 0.52909344 | R43: 999.08209 | S43: 509.38425
B44: ="CRS25BT144A00036" -> CRS25BT144A00036 | C44: 45932 | D44: 0.725 | E44: I->V | F44: 454 | G44: 3 | H44: 454.87384 | I44: 11.192616 | J44: 49.81588 | K44: 10.821698 | L44: 42.033501 | M44: 0.81581473 | N44: 22.129595 | O44: 23.746323 | P44: 24.5625 | Q44: 0.60297537 | R44: 1000.8739 | S44: 708.14581
B45: ="CRS25BT144A00037" -> CRS25BT144A00037 | C45: 45931 | D45: 0.94876157 | E45: I->V | F45: 456 | G45: 3 | H45: 456.36398 | I45: 11.479136 | J45: 49.743076 | K45: 10.857888 | L45: 42.03064 | M45: 0.79922587 | N45: 22.202091 | O45: 23.879059 | P45: 24.0625 | Q45: 0.49706697 | R45: 999.91602 | S45: 536.4353
B46: ="CRS25BT144A00038" -> CRS25BT144A00038 | C46: 45931 | D46: 0.94547454 | E46: I->V | F46: 463 | G46: 3 | H46: 463.61813 | I46: 11.291198 | J46: 49.769798 | K46: 10.913252 | L46: 42.482128 | M46: 0.82500106 | N46: 22.555006 | O46: 23.65468 | P46: 24.0625 | Q46: 0.47232866 | R46: 999.4043 | S46: 683.30341
B47: ="CRS25BT144A00039" -> CRS25BT144A00039 | C47: 45931 | D47: 0.95523148 | E47: I->V | F47: 464 | G47: 3 | H47: 464.33984 | I47: 11.306321 | J47: 49.747952 | K47: 10.888661 | L47: 42.644348 | M47: 0.82554251 | N47: 22.590117 | O47: 23.642876 | P47: 24.0625 | Q47: 0.44120947 | R47: 1000.5403 | S47: 673.15363
B48: ="CRS25BT144A00040" -> CRS25BT144A00040 | C48: 45931 | D48: 0.9405787 | E48: I->V | F48: 453 | G48: 3 | H48: 453.48721 | I48: 11.273185 | J48: 49.695049 | K48: 10.814309 | L48: 41.933998 | M48: 0.80947846 | N48: 22.062136 | O48: 23.505754 | P48: 24 | Q48: 0.49371055 | R48: 1000.0651 | S48: 665.83862
B49: ="CRS25BT144A00041" -> CRS25BT144A00041 | C49: 45931 | D49: 0.94271991 | E49: I->V | F49: 438 | G49: 3 | H49: 438.22818 | I49: 11.205099 | J49: 40.228859 | K49: 10.986425 | L49: 39.888149 | M49: 0.97218043 | N49: 21.319784 | O49: 23.615322 | P49: 24 | Q49: 1e-06 | R49: 999.79242 | S49: 785.69537
B50: ="CRS25BT144A00042" -> CRS25BT144A00042 | C50: 45931 | D50: 0.93912037 | E50: I->V | F50: 452 | G50: 3 | H50: 452.44742 | I50: 11.453384 | J50: 49.72459 | K50: 10.78342 | L50: 41.957695 | M50: 0.79444361 | N50: 22.011551 | O50: 23.960785 | P50: 24 | Q50: 0.61160779 | R50: 1000.0387 | S50: 498.53827
B51: ="CRS25BT144A00043" -> CRS25BT144A00043 | C51: 45938 | D51: 0.73946759 | E51: I->V | F51: 450 | G51: 3 | H51: 450.58188 | I51: 11.249204 | J51: 49.810165 | K51: 10.768756 | L51: 41.841591 | M51: 0.80414426 | N51: 21.920792 | O51: 21.792482 | P51: 22.0625 | Q51: 0.7094031 | R51: 999.67786 | S51: 505.5506
B52: ="CRS25BT144A00044" -> CRS25BT144A00044 | C52: 45931 | D52: 0.98025463 | E52: I->V | F52: 460 | G52: 3 | H52: 460.65781 | I52: 11.424249 | J52: 49.730049 | K52: 10.82559 | L52: 42.552673 | M52: 0.81083387 | N52: 22.410986 | O52: 24.432985 | P52: 24.3125 | Q52: 0.44720227 | R52: 999.11853 | S52: 537.4743
B53: ="CRS25BT144A00045" -> CRS25BT144A00045 | C53: 45931 | D53: 0.93552083 | E53: I->V | F53: 458 | G53: 3 | H53: 458.09314 | I53: 11.414923 | J53: 49.779034 | K53: 10.886293 | L53: 42.079807 | M53: 0.80618435 | N53: 22.286215 | O53: 23.885807 | P53: 24 | Q53: 0.63149941 | R53: 1000.9991 | S53: 531.1402
B54: ="CRS25BT144A00046" -> CRS25BT144A00046 | C54: 45932 | D54: 0.084722222 | E54: I->V | F54: 441 | G54: 3 | H54: 441.25165 | I54: 11.267997 | J54: 49.799084 | K54: 10.590606 | L54: 41.664436 | M54: 0.7863543 | N54: 21.466877 | O54: 25.981579 | P54: 26 | Q54: 0.49147546 | R54: 999.05023 | S54: 569.82916
B55: ="CRS25BT144A00047" -> CRS25BT144A00047 | C55: 45932 | D55: 0.08630787 | E55: I->V | F55: 447 | G55: 3 | H55: 447.52536 | I55: 11.21748 | J55: 49.842678 | K55: 10.69077 | L55: 41.860909 | M55: 0.80042565 | N55: 21.772093 | O55: 26.094463 | P55: 26 | Q55: 0.50693339 | R55: 1000.188 | S55: 695.33997
B56: ="CRS25BT144A00048" -> CRS25BT144A00048 | C56: 45932 | D56: 0.11775463 | E56: I->V | F56: 449 | G56: 3 | H56: 449.6619 | I56: 11.232311 | J56: 49.826546 | K56: 10.673282 | L56: 42.129677 | M56: 0.80344504 | N56: 21.876036 | O56: 26.274509 | P56: 26.6875 | Q56: 0.47896838 | R56: 1000.5612 | S56: 644.17236
B57: ="CRS25BT144A00049" -> CRS25BT144A00049 | C57: 45932 | D57: 0.10542824 | E57: I->V | F57: 451 | G57: 3 | H57: 451.51724 | I57: 11.247741 | J57: 49.830067 | K57: 10.714344 | L57: 42.141376 | M57: 0.80559653 | N57: 21.966297 | O57: 26.272604 | P57: 26.375 | Q57: 0.83094507 | R57: 1000.034 | S57: 473.05338
B58: ="CRS25BT144A00050" -> CRS25BT144A00050 | C58: 45931 | D58: 0.92560185 | E58: I->V | F58: 458 | G58: 3 | H58: 458.42352 | I58: 11.329694 | J58: 49.72049 | K58: 10.851827 | L58: 42.243904 | M58: 0.81379181 | N58: 22.302288 | O58: 23.271938 | P58: 24.0625 | Q58: 0.48392746 | R58: 1000.2908 | S58: 604.65576
B59: ="CRS25BT144A00051" -> CRS25BT144A00051 | C59: 45932 | D59: 0.14862269 | E59: I->V | F59: 452 | G59: 3 | H59: 452.75214 | I59: 11.253663 | J59: 49.785313 | K59: 10.745087 | L59: 42.135735 | M59: 0.80810046 | N59: 22.026375 | O59: 27.021063 | P59: 27.3125 | Q59: 0.5302968 | R59: 999.54248 | S59: 663.24738
B60: ="CRS25BT144A00052" -> CRS25BT144A00052 | C60: 45931 | D60: 0.92712963 | E60: I->V | F60: 460 | G60: 3 | H60: 460.15009 | I60: 11.314127 | J60: 49.726551 | K60: 10.857052 | L60: 42.382603 | M60: 0.81788099 | N60: 22.386286 | O60: 23.314108 | P60: 24 | Q60: 0.47890198 | R60: 1000.2829 | S60: 631.37323
B61: ="CRS25BT144A00053" -> CRS25BT144A00053 | C61: 45931 | D61: 0.92814815 | E61: I->V | F61: 343 | G61: 1 | H61: 343.75552 | I61: 11.134285 | J61: 40.119953 | K61: 10.51263 | L61: 32.699287 | M61: 0.76953244 | N61: 16.723694 | O61: 23.658089 | P61: 24 | Q61: 0.61892074 | R61: 1000.7941 | S61: 424.7424
B62: ="CRS25BT144A00054" -> CRS25BT144A00054 | C62: 45931 | D62: 0.92996528 | E62: I->V | F62: 456 | G62: 3 | H62: 456.50238 | I62: 11.339053 | J62: 49.279724 | K62: 10.837648 | L62: 42.121902 | M62: 0.81695473 | N62: 22.208824 | O62: 23.809298 | P62: 24 | Q62: 1.085372 | R62: 1000.2957 | S62: 586.87579
B63: ="CRS25BT144A00055" -> CRS25BT144A00055 | C63: 45932 | D63: 0.074548611 | E63: I->V | F63: 454 | G63: 3 | H63: 454.59967 | I63: 11.473909 | J63: 49.779179 | K63: 10.836152 | L63: 41.952129 | M63: 0.79592103 | N63: 22.116257 | O63: 25.719698 | P63: 25.8125 | Q63: 0.53967243 | R63: 998.67169 | S63: 530.18835
B64: ="CRS25BT144A00056" -> CRS25BT144A00056 | C64: 45932 | D64: 0.063414352 | E64: I->V | F64: 458 | G64: 3 | H64: 458.62473 | I64: 11.367193 | J64: 49.846989 | K64: 10.838984 | L64: 42.312523 | M64: 0.8094039 | N64: 22.312077 | O64: 25.594 | P64: 25.5625 | Q64: 0.48349693 | R64: 998.96118 | S64: 602.75104
B65: ="CRS25BT144A00057" -> CRS25BT144A00057 | C65: 45932 | D65: 0.81641204 | E65: I->V | F65: 464 | G65: 3 | H65: 464.11111 | I65: 11.196587 | J65: 49.799156 | K65: 10.765889 | L65: 43.109409 | M65: 0.83236599 | N65: 22.578989 | O65: 23.424963 | P65: 24.1875 | Q65: 0.50701845 | R65: 1000.0615 | S65: 577.0708
B66: ="CRS25BT144A00058" -> CRS25BT144A00058 | C66: 45932 | D66: 0.078981481 | E66: I->V | F66: 449 | G66: 3 | H66: 449.71777 | I66: 11.230014 | J66: 49.81937 | K66: 10.629325 | L66: 42.309155 | M66: 0.80382502 | N66: 21.878754 | O66: 25.85478 | P66: 25.875 | Q66: 0.43377247 | R66: 1000.1972 | S66: 622.23645
B67: ="CRS25BT144A00059" -> CRS25BT144A00059 | C67: 45932 | D67: 0.083622685 | E67: I->V | F67: 451 | G67: 3 | H67: 451.55188 | I67: 11.111665 | J67: 49.858932 | K67: 10.6293 | L67: 42.481808 | M67: 0.81505245 | N67: 21.967983 | O67: 26.035673 | P67: 25.9375 | Q67: 0.43239412 | R67: 1000.2012 | S67: 726.20245
B68: ="CRS25BT144A00060" -> CRS25BT144A00060 | C68: 45932 | D68: 0.059259259 | E68: I->V | F68: 463 | G68: 3 | H68: 463.69205 | I68: 11.328115 | J68: 49.734833 | K68: 10.863051 | L68: 42.685249 | M68: 0.82302183 | N68: 22.558601 | O68: 25.477501 | P68: 25.5 | Q68: 0.43850511 | R68: 998.95679 | S68: 625.16779
B69: ="CRS25BT144A00061" -> CRS25BT144A00061 | C69: 45932 | D69: 0.062453704 | E69: I->V | F69: 460 | G69: 3 | H69: 460.15643 | I69: 11.355268 | J69: 49.821903 | K69: 10.875338 | L69: 42.31192 | M69: 0.81336927 | N69: 22.386593 | O69: 25.495472 | P69: 25.5625 | Q69: 0.47208482 | R69: 998.99487 | S69: 653.9184
B70: ="CRS25BT144A00062" -> CRS25BT144A00062 | C70: 45932 | D70: 0.053958333 | E70: I->V | F70: 459 | G70: 3 | H70: 459.22998 | I70: 11.352808 | J70: 49.784401 | K70: 10.836954 | L70: 42.376297 | M70: 0.81251925 | N70: 22.341522 | O70: 25.325085 | P70: 25.375 | Q70: 0.4605597 | R70: 998.95605 | S70: 588.80951
B71: ="CRS25BT144A00063" -> CRS25BT144A00063 | C71: 45932 | D71: 0.071875 | E71: I->V | F71: 453 | G71: 3 | H71: 453.81506 | I71: 11.472057 | J71: 49.850639 | K71: 10.860764 | L71: 41.784824 | M71: 0.79353642 | N71: 22.078087 | O71: 25.725491 | P71: 25.75 | Q71: 0.58623481 | R71: 999.57428 | S71: 522.43872
B72: ="CRS25BT144A00064" -> CRS25BT144A00064 | C72: 45932 | D72: 0.052766204 | E72: I->V | F72: 462 | G72: 3 | H72: 462.6759 | I72: 11.26114 | J72: 49.823566 | K72: 10.825969 | L72: 42.737598 | M72: 0.82463109 | N72: 22.509167 | O72: 25.490669 | P72: 25.375 | Q72: 0.4321503 | R72: 998.89886 | S72: 677.06146
B73: ="CRS25BT144A00065" -> CRS25BT144A00065 | C73: 45932 | D73: 0.051840278 | E73: I->V | F73: 452 | G73: 3 | H73: 452.22556 | I73: 11.257814 | J73: 49.848118 | K73: 10.866396 | L73: 41.616882 | M73: 0.80584639 | N73: 22.000757 | O73: 25.878204 | P73: 25.375 | Q73: 0.62132883 | R73: 999.03223 | S73: 677.75006
B74: ="CRS25BT144A00066" -> CRS25BT144A00066 | C74: 45932 | D74: 0.029502315 | E74: I->V | F74: 463 | G74: 3 | H74: 463.12637 | I74: 11.37026 | J74: 49.845146 | K74: 10.949865 | L74: 42.295166 | M74: 0.8171584 | N74: 22.53108 | O74: 25.057661 | P74: 25 | Q74: 0.52389938 | R74: 999.20013 | S74: 647.79077
B75: ="CRS25BT144A00067" -> CRS25BT144A00067 | C75: 45932 | D75: 0.15802083 | E75: I->V | F75: 446 | G75: 3 | H75: 446.89493 | I75: 11.173782 | J75: 49.928322 | K75: 10.644648 | L75: 41.983063 | M75: 0.80104744 | N75: 21.741423 | O75: 27.406183 | P75: 27.4375 | Q75: 0.51459587 | R75: 1000.0381 | S75: 670.03894
B76: ="CRS25BT144A00068" -> CRS25BT144A00068 | C76: 45932 | D76: 0.039861111 | E76: I->V | F76: 457 | G76: 3 | H76: 457.57809 | I76: 11.302134 | J76: 49.910213 | K76: 10.853205 | L76: 42.160641 | M76: 0.81117648 | N76: 22.261158 | O76: 25.125349 | P76: 25.125 | Q76: 0.61283255 | R76: 999.00043 | S76: 638.36487
B77: ="CRS25BT144A00069" -> CRS25BT144A00069 | C77: 45932 | D77: 0.042141204 | E77: I->V | F77: 461 | G77: 3 | H77: 461.40125 | I77: 11.384789 | J77: 49.845856 | K77: 10.877485 | L77: 42.418007 | M77: 0.81306392 | N77: 22.447153 | O77: 25.251411 | P77: 25.1875 | Q77: 0.48747814 | R77: 998.9325 | S77: 587.87445
B78: ="CRS25BT144A00070" -> CRS25BT144A00070 | C78: 45932 | D78: 0.046273148 | E78: I->V | F78: 450 | G78: 3 | H78: 450.45969 | I78: 11.351547 | J78: 49.788784 | K78: 10.789908 | L78: 41.748238 | M78: 0.79702026 | N78: 21.914846 | O78: 25.18244 | P78: 25.25 | Q78: 0.5356037 | R78: 998.97192 | S78: 574.41937
B79: ="CRS25BT144A00071" -> CRS25BT144A00071 | C79: 45932 | D79: 0.13790509 | E79: I->V | F79: 449 | G79: 3 | H79: 449.44489 | I79: 11.259613 | J79: 49.908913 | K79: 10.739488 | L79: 41.849751 | M79: 0.799788 | N79: 21.865477 | O79: 26.861385 | P79: 27.0625 | Q79: 0.53673953 | R79: 1000.0547 | S79: 641.02557
B80: ="CRS25BT144A00072" -> CRS25BT144A00072 | C80: 45932 | D80: 0.14127315 | E80: I->V | F80: 459 | G80: 3 | H80: 459.65674 | I80: 11.21329 | J80: 49.79562 | K80: 10.808528 | L80: 42.527229 | M80: 0.82320768 | N80: 22.362284 | O80: 26.843817 | P80: 27.125 | Q80: 0.67519057 | R80: 1000.0554 | S80: 647.56952
B81: ="CRS25BT144A00073" -> CRS25BT144A00073 | C81: 45932 | D81: 0.13638889 | E81: I->V | F81: 461 | G81: 3 | H81: 461.45938 | I81: 11.180852 | J81: 49.838631 | K81: 10.793556 | L81: 42.753227 | M81: 0.8281185 | N81: 22.449982 | O81: 26.729378 | P81: 27.0625 | Q81: 0.44954342 | R81: 999.79669 | S81: 718.76794
B82: ="CRS25BT144A00074" -> CRS25BT144A00074 | C82: 45932 | D82: 0.13440972 | E82: I->V | F82: 449 | G82: 3 | H82: 449.88342 | I82: 11.237642 | J82: 49.799786 | K82: 10.743638 | L82: 41.874401 | M82: 0.8038913 | N82: 21.886812 | O82: 26.803921 | P82: 27 | Q82: 0.58756989 | R82: 999.86731 | S82: 614.38831
B83: ="CRS25BT144A00075" -> CRS25BT144A00075 | C83: 45932 | D83: 0.13555556 | E83: I->V | F83: 456 | G83: 3 | H83: 456.23862 | I83: 11.229005 | J83: 49.762463 | K83: 10.755785 | L83: 42.417976 | M83: 0.8164863 | N83: 22.195992 | O83: 26.743801 | P83: 27 | Q83: 0.47231403 | R83: 1000.077 | S83: 662.83966
B84: ="CRS25BT144A00076" -> CRS25BT144A00076 | C84: 45932 | D84: 0.13068287 | E84: I->V | F84: 451 | G84: 3 | H84: 451.91885 | I84: 11.244761 | J84: 49.817272 | K84: 10.653909 | L84: 42.418129 | M84: 0.80673385 | N84: 21.985836 | O84: 26.710785 | P84: 26.9375 | Q84: 0.44819653 | R84: 1000.1234 | S84: 594.1059
B85: ="CRS25BT144A00077" -> CRS25BT144A00077 | C85: 45932 | D85: 0.13157407 | E85: I->V | F85: 446 | G85: 3 | H85: 446.60254 | I85: 11.248189 | J85: 49.72847 | K85: 10.62344 | L85: 42.039352 | M85: 0.79842383 | N85: 21.727198 | O85: 26.730194 | P85: 26.9375 | Q85: 0.48087284 | R85: 1000.1104 | S85: 583.48175
B86: ="CRS25BT144A00078" -> CRS25BT144A00078 | C86: 45932 | D86: 0.12671296 | E86: I->V | F86: 457 | G86: 3 | H86: 457.07004 | I86: 11.305854 | J86: 49.820591 | K86: 10.840526 | L86: 42.16309 | M86: 0.81146634 | N86: 22.236441 | O86: 26.705217 | P86: 26.8125 | Q86: 0.47931582 | R86: 998.68597 | S86: 645.97443
B87: ="CRS25BT144A00079" -> CRS25BT144A00079 | C87: 45932 | D87: 0.12247685 | E87: I->V | F87: 450 | G87: 3 | H87: 450.99026 | I87: 11.244291 | J87: 49.781334 | K87: 10.830861 | L87: 41.639374 | M87: 0.80569106 | N87: 21.94066 | O87: 26.568628 | P87: 26.75 | Q87: 1.0483012 | R87: 999.84717 | S87: 603.53259
B88: ="CRS25BT144A00080" -> CRS25BT144A00080 | C88: 45932 | D88: 0.12320602 | E88: I->V | F88: 464 | G88: 3 | H88: 464.51175 | I88: 11.252611 | J88: 49.87923 | K88: 10.818221 | L88: 42.937904 | M88: 0.82760602 | N88: 22.59848 | O88: 26.698339 | P88: 26.75 | Q88: 0.45314717 | R88: 999.90424 | S88: 633.90961
B89: ="CRS25BT144A00081" -> CRS25BT144A00081 | C89: 45932 | D89: 0.82944444 | E89: I->V | F89: 441 | G89: 3 | H89: 441.0665 | I89: 11.206141 | J89: 49.914043 | K89: 10.674743 | L89: 41.318699 | M89: 0.78854275 | N89: 21.457869 | O89: 23.480156 | P89: 24.1875 | Q89: 0.66279894 | R89: 1000.0282 | S89: 657.13452
B90: ="CRS25BT144A00082" -> CRS25BT144A00082 | C90: 45932 | D90: 8:01:48PM | E90: I->V | F90: 449 | G90: 3 | H90: 449.96408 | I90: 11.166276 | J90: 49.902477 | K90: 10.670607 | L90: 42.168556 | M90: 0.80750901 | N90: 21.890736 | O90: 23.538872 | P90: 24.125 | Q90: 0.54319316 | R90: 1000.1953 | S90: 705.21167
B91: ="CRS25BT144A00083" -> CRS25BT144A00083 | C91: 45932 | D91: 0.8100463 | E91: I->V | F91: 453 | G91: 3 | H91: 453.78973 | I91: 11.166133 | J91: 49.871777 | K91: 10.667625 | L91: 42.538963 | M91: 0.81488633 | N91: 22.076855 | O91: 23.505781 | P91: 24.25 | Q91: 0.59485584 | R91: 1000.209 | S91: 536.06824
B92: ="CRS25BT144A00084" -> CRS25BT144A00084 | C92: 45932 | D92: 0.81237269 | E92: I->V | F92: 463 | G92: 3 | H92: 463.91391 | I92: 11.183546 | J92: 49.902157 | K92: 10.746085 | L92: 43.170506 | M92: 0.83126318 | N92: 22.569395 | O92: 23.431587 | P92: 24.25 | Q92: 0.44875267 | R92: 1000.1445 | S92: 549.44049
B93: ="CRS25BT144A00085" -> CRS25BT144A00085 | C93: 45932 | D93: 0.82393519 | E93: I->V | F93: 448 | G93: 3 | H93: 448.51678 | I93: 11.227581 | J93: 49.837097 | K93: 10.680558 | L93: 41.993759 | M93: 0.8015669 | N93: 21.820326 | O93: 23.392157 | P93: 24.1875 | Q93: 0.50012016 | R93: 1000.7126 | S93: 640.36334
B94: ="CRS25BT144A00086" -> CRS25BT144A00086 | C94: 45932 | D94: 0.8278125 | E94: I->V | F94: 453 | G94: 3 | H94: 453.57281 | I94: 11.220702 | J94: 49.859524 | K94: 10.684319 | L94: 42.452198 | M94: 0.81073487 | N94: 22.066301 | O94: 23.491016 | P94: 24.1875 | Q94: 0.42477092 | R94: 1000.1299 | S94: 645.85693
B95: ="CRS25BT144A00087" -> CRS25BT144A00087 | C95: 45932 | D95: 0.74690972 | E95: I->V | F95: 450 | G95: 3 | H95: 450.03378 | I95: 11.252848 | J95: 49.817364 | K95: 10.639212 | L95: 42.299541 | M95: 0.80278999 | N95: 21.894127 | O95: 23.746937 | P95: 24.4375 | Q95: 0.41603425 | R95: 999.9577 | S95: 640.93378
B96: ="CRS25BT144A00088" -> CRS25BT144A00088 | C96: 45937 | D96: 0.74600694 | E96: I->V | F96: 457 | G96: 3 | H96: 457.80457 | I96: 11.363826 | J96: 49.579067 | K96: 10.842813 | L96: 42.221935 | M96: 0.8125633 | N96: 22.272175 | O96: 25.961479 | P96: 26.5625 | Q96: 1.1199518 | R96: 999.53174 | S96: 517.37964
B97: ="CRS25BT144A00089" -> CRS25BT144A00089 | C97: 45932 | D97: 0.76543981 | E97: I->V | F97: 450 | G97: 3 | H97: 450.44601 | I97: 11.235534 | J97: 49.811005 | K97: 10.78076 | L97: 41.782402 | M97: 0.80486631 | N97: 21.914183 | O97: 23.604574 | P97: 24.375 | Q97: 0.78111416 | R97: 999.91205 | S97: 554.95789
B98: ="CRS25BT144A00090" -> CRS25BT144A00090 | C98: 45932 | D98: 0.76708333 | E98: I->V | F98: 458 | G98: 3 | H98: 458.28592 | I98: 11.211622 | J98: 49.917217 | K98: 10.757337 | L98: 42.602173 | M98: 0.81887513 | N98: 22.295593 | O98: 23.490574 | P98: 24.375 | Q98: 0.51917398 | R98: 999.80432 | S98: 552.00702
B99: ="CRS25BT144A00091" -> CRS25BT144A00091 | C99: 45932 | D99: 0.77267361 | E99: I->V | F99: 458 | G99: 3 | H99: 458.26837 | I99: 11.05287 | J99: 49.860256 | K99: 10.665995 | L99: 42.965366 | M99: 0.83155376 | N99: 22.294739 | O99: 23.803921 | P99: 24.3125 | Q99: 0.47817361 | R99: 1000.0175 | S99: 602.65314
B100: ="CRS25BT144A00092" -> CRS25BT144A00092 | C100: 45944 | D100: 0.032731481 | E100: I->V | F100: 449 | G100: 3 | H100: 449.40158 | I100: 11.18058 | J100: 49.788662 | K100: 10.69873 | L100: 42.005135 | M100: 0.80730903 | N100: 21.863371 | O100: 20.176662 | P100: 20.875 | Q100: 0.53705156 | R100: 1001.5851 | S100: 299.39194
...

Sheet SPECIAL CODES
A1: A1 | B1: 390BB
A2: B1 | B2: 385WW
A3: C1 | B3: 390WW
A4: D1 | B4: 395WW
B5: made in 2022 sold in 2023
B6: CERT PANEL
